
[
	{
		"country": "France",
		"city": "Paris",
		"unlocode": "frcdg",
		"provider": "Dedibox SAS",
		"asnumber": 12876,
		"host": "root@2001:bc8:62c:249::1",
		"port": 22,
		"group": "Europe",
		"residential": false,
		"providerurl": false,
		"caps": {
			"mtr": true,
			"trace": true,
			"ping": true,
                        "tcping": 4,
			"tlsping": 4
		}
	},
	{
                "country": "USA",
                "city": "New York City",
                "unlocode": "usnyc",
                "provider": "ColoCrossing",
                "asnumber": 36352,
                "host": "root@107.172.248.34",
                "port": 10223,
                "group": "North America",
                "residential": false,
                "providerurl": false,
                "caps": {
                        "mtr": true,
                        "trace": true,
                        "ping": true,
                        "tcping": 4,
                        "tlsping": 4
                } 
        }
]
